{"generation": {"bleu": 99.43949190841307, "word_error_rate": 0.9978172747115684}, "jokes": {"bleu": 99.40655986301647, "word_error_rate": 0.8535784635587657}, "movie_quotes": {"bleu": 99.6234253506994, "word_error_rate": 0.5230125523012552}, "news_articles": {"bleu": 99.63496205589537, "word_error_rate": 0.5084745762711864}, "reddit": {"bleu": 99.60865996734411, "word_error_rate": 0.5882352941176471}, "twitter": {"bleu": 98.60562867665038, "word_error_rate": 2.8846153846153846}, "female": {"bleu": 99.22836164561656, "word_error_rate": 1.355611601513241}, "male": {"bleu": 99.58412706487796, "word_error_rate": 0.7096575131132367}}