{"generation": {"bleu": 99.22753806859247, "word_error_rate": 1.2472715933894607}, "jokes": {"bleu": 99.40700229759213, "word_error_rate": 0.7879185817465528}, "movie_quotes": {"bleu": 99.70725465352103, "word_error_rate": 0.41841004184100417}, "news_articles": {"bleu": 99.71141352674437, "word_error_rate": 0.39548022598870053}, "reddit": {"bleu": 99.40390599122438, "word_error_rate": 0.9803921568627451}, "twitter": {"bleu": 97.38129199523615, "word_error_rate": 4.283216783216783}, "female": {"bleu": 98.89724567376655, "word_error_rate": 1.6078184110970994}, "male": {"bleu": 99.47836588374986, "word_error_rate": 0.9564949089787103}}